{"global_step": 1, "weight_norm": 123.04579162597656, "weight_entropy": NaN, "grad_norm": 5.385164737701416, "grad_entropy": NaN, "_timestamp": 1742917422.7966957, "_runtime": 9.792060613632202, "_step": 1, "_wandb": {"runtime": 9}}