{"global_step": 1, "weight_norm": 123.04579162597656, "weight_entropy": NaN, "grad_norm": 5.385164737701416, "grad_entropy": NaN, "_timestamp": 1742852898.50151, "_runtime": 6.46375584602356, "_step": 1, "_wandb": {"runtime": 6}}