{"global_step": 1, "weight_norm": 123.04579162597656, "weight_entropy": NaN, "grad_norm": 5.385164737701416, "grad_entropy": NaN, "_timestamp": 1742853459.5441117, "_runtime": 6.51825475692749, "_step": 1, "_wandb": {"runtime": 37}}