{"global_step": 1, "weight_norm": 123.04579162597656, "weight_entropy": NaN, "grad_norm": 5.385164737701416, "grad_entropy": NaN, "_timestamp": 1742853778.5370777, "_runtime": 6.338279724121094, "_step": 1, "_wandb": {"runtime": 46}}