{"global_step": 1, "weight_norm": 123.04579162597656, "weight_entropy": NaN, "grad_norm": 5.385164737701416, "grad_entropy": NaN, "_timestamp": 1742851339.1255524, "_runtime": 6.495609521865845, "_step": 0, "_wandb": {"runtime": 5}}