{"global_step": 71, "weight_norm": 123.28109741210938, "weight_entropy": 47846.01171875, "grad_norm": 5.385164737701416, "grad_entropy": NaN, "_timestamp": 1742943807.3532536, "_runtime": 21.210155487060547, "_step": 78, "train_loss": 4.463687154981825, "train_acc": 0.02855428784257836, "test_loss": 4.870036649703979, "test_acc": 0.0017578125, "_wandb": {"runtime": 20}}