{"global_step": 1, "weight_norm": 123.04579162597656, "weight_entropy": NaN, "grad_norm": 5.385164737701416, "grad_entropy": NaN, "_timestamp": 1742851798.5937712, "_runtime": 6.381503105163574, "_step": 1, "_wandb": {"runtime": 6}}