{"global_step": 1, "weight_norm": 123.04579162597656, "weight_entropy": NaN, "grad_norm": 5.385164737701416, "grad_entropy": NaN, "_timestamp": 1742856331.964209, "_runtime": 6.5904951095581055, "_step": 1, "_wandb": {"runtime": 6}}