{"global_step": 1, "weight_norm": 123.04579162597656, "weight_entropy": NaN, "grad_norm": 5.385164737701416, "grad_entropy": NaN, "_timestamp": 1742864129.9368327, "_runtime": 8.544377565383911, "_step": 1, "_wandb": {"runtime": 8}}