{"global_step": 1, "weight_norm": 123.04579162597656, "weight_entropy": NaN, "grad_norm": 5.385164737701416, "grad_entropy": NaN, "_timestamp": 1742852575.1800807, "_runtime": 6.521801710128784, "_step": 1, "_wandb": {"runtime": 6}}